date,text,Cleaned_Tweet,Sentiment
2025-04-08 04:40:42+00:00,‚ÄúFire chiefs warn of climate change driving extreme weather in the wake of weekend infernos‚Äù ‚Å¶@simeonkerr‚Å© &amp; ‚Å¶@janatausch‚Å© #ClimateCrisis #ExtremeHeat #NthnIrelandWildfires #ScotlandWildfires  https://t.co/gbmFBOcowc,Fire chiefs warn of climate change driving extreme weather in the wake of weekend infernos simeonkerr amp janatausch ClimateCrisis ExtremeHeat NthnIrelandWildfires ScotlandWildfires,Negative
2025-04-08 04:40:32+00:00,@FreeStateColor1 Not surprised. Before the smoke from our Louisville fire was even out he was on TV lecturing about how it was climate change.,FreeStateColor Not surprised Before the smoke from our Louisville fire was even out he was on TV lecturing about how it was climate change,Negative
2025-04-08 04:39:55+00:00,"I bet those dockworkers at America‚Äôs ports wish there had been a buyout now.

How many jobs are going to remain when the shipping declines due to the tariffs?

And believers in the climate change hoax should be happy with Trump for reducing the ships spewing bunker fuel emissions",I bet those dockworkers at Americas ports wish there had been a buyout now How many jobs are going to remain when the shipping declines due to the tariffs And believers in the climate change hoax should be happy with Trump for reducing the ships spewing bunker fuel emissions,Positive
2025-04-08 04:39:47+00:00,@FreeStateColor1 He left @9news and joined @ABC because they were more behind the climate change narrative. Sad to see someone you grew up watching completely lose their mind.,FreeStateColor He left news and joined ABC because they were more behind the climate change narrative Sad to see someone you grew up watching completely lose their mind,Negative
2025-04-08 04:39:45+00:00,@RepJasmine It‚Äôs back!!  Climate change üòÜ https://t.co/fNYFfrRZJN,RepJasmine Its back Climate change,Neutral
2025-04-08 04:39:33+00:00,"@angeloinchina @realDonaldTrump @TheDemocrats @IMFNews @WorldBank Let's stop the romanticization and face reality, and now with the globalists CLIMATE change HOAX, GREEN energy policies, NET ZERO it's evident that life is unbearable globally, no jobs , no money circulation, Education collapse but the SELF destructive globalists puppets at IMF",angeloinchina realDonaldTrump TheDemocrats IMFNews WorldBank Lets stop the romanticization and face reality and now with the globalists CLIMATE change HOAX GREEN energy policies NET ZERO its evident that life is unbearable globally no jobs no money circulation Education collapse but the SELF destructive globalists puppets at IMF,Negative
2025-04-08 04:39:18+00:00,"@RandyEischer ok so what was your MA in? cuz millennials get shit on a lot for underwater basket weaving but like the market crashed when I was graduating, also, everywhere is a bad place to have a house because of climate change",RandyEischer ok so what was your MA in cuz millennials get shit on a lot for underwater basket weaving but like the market crashed when I was graduating also everywhere is a bad place to have a house because of climate change,Negative
2025-04-08 04:39:15+00:00,@TownPerson01 @govt_corrupt He is just a green profiting off of net zero which is a failure and climate change.Maybe he can talk the sun into changing its heating and cooling phases which it has done since the beginning of time.,TownPerson govtcorrupt He is just a green profiting off of net zero which is a failure and climate changeMaybe he can talk the sun into changing its heating and cooling phases which it has done since the beginning of time,Negative
2025-04-08 04:39:12+00:00,"Major tariffs on renewable energy, EVs, and other products fighting climate change, but not for carbon polluters. https://t.co/UKyUdMItYp",Major tariffs on renewable energy EVs and other products fighting climate change but not for carbon polluters,Positive
2025-04-08 04:38:56+00:00,"@MovieXMania Don't Look Up is a biting, star-studded satire that uses absurd humor to skewer society's apathy towards climate change, warning of catastrophic consequences.",MovieXMania Dont Look Up is a biting starstudded satire that uses absurd humor to skewer societys apathy towards climate change warning of catastrophic consequences,Negative
2025-04-08 04:38:54+00:00,"üö¢üåè Exciting news! China's Antarctic expedition has just returned, bringing groundbreaking insights on climate change and its impact on our planet! üåçüå°Ô∏è Together, we can face climate challenges and work towards a sustainable future. üíö‚ú® #ClimateChange ‚Ä¶ https://t.co/WOGydDrMYL",Exciting news Chinas Antarctic expedition has just returned bringing groundbreaking insights on climate change and its impact on our planet Together we can face climate challenges and work towards a sustainable future ClimateChange,Positive
2025-04-08 04:38:29+00:00,@scs_real Check his timeline. He went from being the coolest weather dude in Colorado to now being a complete climate change activist. It‚Äôs really sad for me as an old guy who used to anxiously watch his weather reports every night.,scsreal Check his timeline He went from being the coolest weather dude in Colorado to now being a complete climate change activist Its really sad for me as an old guy who used to anxiously watch his weather reports every night,Negative
2025-04-08 04:38:27+00:00,"@nemaug @NKarekaho @william110707 @jeffrey_opiyo @BiryomumaishoB @tonylala @mkidandi @DailyMonitor @892cbsFm @newvisionwire Presenting to you ECAP AWARDS 2025.
Recognizing the best Environmentalists and climate change champions.the guest of honor Mr. Philip Bakalikwila, Board chairperson Climate action network(CAN).
Topic of the day , how can we inspire the mass to engage in climate change fight? https://t.co/OEPST1qU5A",nemaug NKarekaho william jeffreyopiyo BiryomumaishoB tonylala mkidandi DailyMonitor cbsFm newvisionwire Presenting to you ECAP AWARDS Recognizing the best Environmentalists and climate change championsthe guest of honor Mr Philip Bakalikwila Board chairperson Climate action networkCAN Topic of the day how can we inspire the mass to engage in climate change fight,Positive
2025-04-08 04:38:10+00:00,"Post on FB
@jimwattson1720

I'm a boomer and we used to call climate change ""the  weather""",Post on FB jimwattson Im a boomer and we used to call climate change the weather,Neutral
2025-04-08 04:37:42+00:00,@MatthewWielicki Nonsense not even the IPCC claim a connection between climate change and adverse weather events.,MatthewWielicki Nonsense not even the IPCC claim a connection between climate change and adverse weather events,Negative
2025-04-08 04:37:38+00:00,"@USAmbNATO and @SecDef need to make sure that we the people are not funding the climate cult and that the climate con is rooted out of our military and our NATO obligations. 

‚ÄúClimate change‚Äù has nothing to do with climate change. It is about global governance and degrowth. https://t.co/b8qy6mRrip",USAmbNATO and SecDef need to make sure that we the people are not funding the climate cult and that the climate con is rooted out of our military and our NATO obligations Climate change has nothing to do with climate change It is about global governance and degrowth,Positive
2025-04-08 04:37:10+00:00,"‚ÄúArctic sea ice hit a record low for the end of the region‚Äôs winter last month, in a stark sign of how climate change is opening up the North Pole to a geopolitical race for military &amp; energy exploration‚Äù Kenza Bryan &amp; ‚Å¶@janatausch‚Å© #Arctic #Climate https://t.co/gmOhhNskIr",Arctic sea ice hit a record low for the end of the regions winter last month in a stark sign of how climate change is opening up the North Pole to a geopolitical race for military amp energy exploration Kenza Bryan amp janatausch Arctic Climate,Positive
2025-04-08 04:36:49+00:00,"Join Jasmine Ong as she unpacks key research, explores climate-positive design strategies, and shares insights on future-proofing our parks and public spaces.
üìÖ Date: Thursday 1 May 2025
‚è∞ Time: 1:00 PM AEST (1hr)
üíª Online
Register Here &gt; https://t.co/rgxvl8Sx3V https://t.co/ku5tQdN3QY",Join Jasmine Ong as she unpacks key research explores climatepositive design strategies and shares insights on futureproofing our parks and public spaces Date Thursday May Time PM AEST hr Online Register Here gt,Positive
2025-04-08 04:36:43+00:00,@FedFarmers @GreenpeaceNZ Good. Greenpeace is obviously getting to you -  hopefully their message is getting through to your members. Climate change will decimate NZ farming. You should be supporting them in planning how to mitigate the threat. You're merely a bunch of head-in-the-sand ostriches.,FedFarmers GreenpeaceNZ Good Greenpeace is obviously getting to you hopefully their message is getting through to your members Climate change will decimate NZ farming You should be supporting them in planning how to mitigate the threat Youre merely a bunch of headinthesand ostriches,Positive
2025-04-08 04:36:33+00:00,"The magazine explored the subject of climate change, offering potential solutions and promoting awareness of global issues. https://t.co/UxghE5ZK7t",The magazine explored the subject of climate change offering potential solutions and promoting awareness of global issues,Positive
2025-04-08 04:35:42+00:00,"@MitchP85D @_ClimateCraze It seems like everyone forgets when we are talking climate change that it has always been a radiative topic. So how do winters warm faster on the Arctic when there isn't even sunlight? 

Makes sense innit?",MitchPD ClimateCraze It seems like everyone forgets when we are talking climate change that it has always been a radiative topic So how do winters warm faster on the Arctic when there isnt even sunlight Makes sense innit,Positive
2025-04-08 04:35:30+00:00,@xoxo_jessikaxo Samoan Prime Minister: Leaders Who Deny Climate Change Are ''Utterly Stupid''. Tuilaepa Sailele suggested that such skeptics should be taken to a mental institution. #climatechange #samoa,xoxojessikaxo Samoan Prime Minister Leaders Who Deny Climate Change Are Utterly Stupid Tuilaepa Sailele suggested that such skeptics should be taken to a mental institution climatechange samoa,Negative
2025-04-08 04:35:25+00:00,"@deirdrekent @chrisluxonmp And exactly how in NZ supposed to stop climate change when we contribute 0.17 % of total emissions ?

While America , Russian, China, India don‚Äôt care nothing we can do to stop it 

Once again left idealism shown wanting",deirdrekent chrisluxonmp And exactly how in NZ supposed to stop climate change when we contribute of total emissions While America Russian China India dont care nothing we can do to stop it Once again left idealism shown wanting,Negative
2025-04-08 04:35:12+00:00,"Bush Food, Country and Climate Change üåø
This research seminar discussing the collaborative project 'Indigenous Truth-Telling: Ethnographic Philosophy on Traditional Foods, Country &amp; Climate Change.
Wed 16 April 2025, 10:30 ‚Äì11:30 am Darwin (ACST) Register https://t.co/FCMXvt7seq https://t.co/VpPolKo1eG",Bush Food Country and Climate Change This research seminar discussing the collaborative project Indigenous TruthTelling Ethnographic Philosophy on Traditional Foods Country amp Climate Change Wed April am Darwin ACST Register,Neutral
2025-04-08 04:35:00+00:00,@SCMountainGoat $3.00+ of taxes for fake climate change n EPA hoax.,SCMountainGoat of taxes for fake climate change n EPA hoax,Negative
2025-04-08 04:34:49+00:00,"üì£Heading out to #CGIARScienceWeek or following online? Start the day with my #FutureFork chat with Ismahane Elouafi (@CGIAR_EMD) on @CGIAR's impact on food &amp; the role of ag research in tackling hunger, food insecurity, &amp; climate change. üì∫ https://t.co/jPcyhTGuJK",Heading out to CGIARScienceWeek or following online Start the day with my FutureFork chat with Ismahane Elouafi CGIAREMD on CGIARs impact on food amp the role of ag research in tackling hunger food insecurity amp climate change,Negative
2025-04-08 04:34:24+00:00,"Six teals fighting against history, safe seats to change Qld politics https://t.co/HGjW3omydC via @ABCaustralia",Six teals fighting against history safe seats to change Qld politics via ABCaustralia,Positive
2025-04-08 04:34:18+00:00,@MarkJCarney @Keir_Starmer You and starmar are 2 peas in a pod. You only care about hate crimes and climate change. Both your countries are doomed. May God help your citizens because you guys won't!,MarkJCarney KeirStarmer You and starmar are peas in a pod You only care about hate crimes and climate change Both your countries are doomed May God help your citizens because you guys wont,Negative
2025-04-08 04:34:14+00:00,"@PeterDutton_MP The best you can do to raise living standards is ditch Net Zero. The cost of energy flows into everything. With China, US, India and Russia uncommitted to Net Zero, it doesn't matter what the rest of the world do even if you believe that CO2 is the sole driver of climate change.",PeterDuttonMP The best you can do to raise living standards is ditch Net Zero The cost of energy flows into everything With China US India and Russia uncommitted to Net Zero it doesnt matter what the rest of the world do even if you believe that CO is the sole driver of climate change,Positive
2025-04-08 04:33:51+00:00,@spenderallegra Is that like the ideology of false science climate change that you push started &amp; funded by Soros &amp; Schwab to push for their global un lecture government of self appointed elites so thieves like you can grift from the public purse nothing but thieves,spenderallegra Is that like the ideology of false science climate change that you push started amp funded by Soros amp Schwab to push for their global un lecture government of self appointed elites so thieves like you can grift from the public purse nothing but thieves,Positive
2025-04-08 04:33:17+00:00,"@KieseEddy1921 How does your brain function? No one controls the rain can anyone command it? This discussion feels too shallow; people need to think more critically. Even in Europe, this is happening now due to climate change.",KieseEddy How does your brain function No one controls the rain can anyone command it This discussion feels too shallow people need to think more critically Even in Europe this is happening now due to climate change,Negative
2025-04-08 04:33:00+00:00,"üéì When Belief Overrides Science: A Threat to Democracy

In a free country, you can believe what you want. But when leaders deny scientific truths, like climate change, and make laws based on that denial, democracy is endangered. That‚Äôs how an informed democracy dies. https://t.co/ls1i2HYIgQ",When Belief Overrides Science A Threat to Democracy In a free country you can believe what you want But when leaders deny scientific truths like climate change and make laws based on that denial democracy is endangered Thats how an informed democracy dies,Positive
2025-04-08 04:32:45+00:00,"Presenting to you ECAP AWARDS 2025.
Recognizing the best Environmentalists and climate change champions.the guest of honor Mr. Philip Bakalikwila, Board chairperson Climate action network(CAN).
Topic of the day , how can we inspire the mass to engage in climate change fight? https://t.co/0ur3mLTSkd",Presenting to you ECAP AWARDS Recognizing the best Environmentalists and climate change championsthe guest of honor Mr Philip Bakalikwila Board chairperson Climate action networkCAN Topic of the day how can we inspire the mass to engage in climate change fight,Positive
2025-04-08 04:32:11+00:00,"@elonmusk From reciprocal tariffs to carbon credits, global trade is going to change to fall inline with the AI technocracy agenda.
https://t.co/iLahDaqlkI",elonmusk From reciprocal tariffs to carbon credits global trade is going to change to fall inline with the AI technocracy agenda,Positive
2025-04-08 04:31:52+00:00,So Much for Climate Change... | Larry Elder https://t.co/X6p0lg0i1w via @YouTube,So Much for Climate Change Larry Elder via YouTube,Neutral
2025-04-08 04:31:25+00:00,"GM GM!
When children learn about climate change, they grow into powerful protectors of the Earth.
That‚Äôs what our project does  and it‚Äôs live on #GG23! Help us reach more schools!
https://t.co/Ih5FRDHyox https://t.co/dSKrgB7ZFz",GM GM When children learn about climate change they grow into powerful protectors of the Earth Thats what our project does and its live on GG Help us reach more schools,Positive
2025-04-08 04:31:12+00:00,"@siegfriedmuell @FischerKing64 It's also why I never supported DEI. Since the world was going to end due to climate change, what did it matter if diversity candidates got good jobs?",siegfriedmuell FischerKing Its also why I never supported DEI Since the world was going to end due to climate change what did it matter if diversity candidates got good jobs,Positive
2025-04-08 04:31:10+00:00,"@ovensoflove @nixonist Conservatives think no one could possibly care about things that don't directly benefit them, that helping people is usually just hurting them, that trickledown is a reasonable economic philosophy, that thousands of scientists have been bribed to say Climate Change is real",ovensoflove nixonist Conservatives think no one could possibly care about things that dont directly benefit them that helping people is usually just hurting them that trickledown is a reasonable economic philosophy that thousands of scientists have been bribed to say Climate Change is real,Negative
2025-04-08 04:30:59+00:00,"@CAgovernor Only a year round issue since you have been governor. Unless street addicts are climate change, these fires are not started by climate change.

This state is a shit hole on your watch. You have some nerve even thinking about running for President.",CAgovernor Only a year round issue since you have been governor Unless street addicts are climate change these fires are not started by climate change This state is a shit hole on your watch You have some nerve even thinking about running for President,Negative
2025-04-08 04:30:47+00:00,"#ClimateChange is reshaping India's public health, with rising urban temperatures, seismic activity &amp; environmental degradation increasing health risks. Urgent action is needed through sustainable practices, governance &amp; climate-sensitive policies. https://t.co/8nwRqlU2Zc",ClimateChange is reshaping Indias public health with rising urban temperatures seismic activity amp environmental degradation increasing health risks Urgent action is needed through sustainable practices governance amp climatesensitive policies,Negative
2025-04-08 04:30:44+00:00,"On December 18, 1997, the Kyoto Protocol was adopted, marking a landmark agreement under the UN Framework Convention on Climate Change to combat global warming by reducing greenhouse gas emissions.",On December the Kyoto Protocol was adopted marking a landmark agreement under the UN Framework Convention on Climate Change to combat global warming by reducing greenhouse gas emissions,Positive
2025-04-08 04:30:43+00:00,"@imPenny2x Many solutions are climate change friendly... ü§∑‚Äç‚ôÇÔ∏è
https://t.co/krjWDIYHgB",imPennyx Many solutions are climate change friendly,Positive
2025-04-08 04:30:39+00:00,"@PeteAlonSoCrazy @Tmore7182 @JesvinGeo I‚Äôd say most people religious or not are responsible for ignoring Climate-Change &amp; are actively responsible for harming Earth &amp; Wildlife. Tho let‚Äôs face it, the poor play a little role compared to the Haves. 

If I were God I‚Äôd ban ALL flesh consumption, or maybe just one serve https://t.co/VWujQSEfwT",PeteAlonSoCrazy Tmore JesvinGeo Id say most people religious or not are responsible for ignoring ClimateChange amp are actively responsible for harming Earth amp Wildlife Tho lets face it the poor play a little role compared to the Haves If I were God Id ban ALL flesh consumption or maybe just one serve,Negative
2025-04-08 04:30:13+00:00,@Matt_Pinner Probably debate a liberal about why it isn‚Äôt climate change as I‚Äôm dying,MattPinner Probably debate a liberal about why it isnt climate change as Im dying,Neutral
2025-04-08 04:29:31+00:00,"in climate change class rn. 

shi is SOO boring, I slept 3 times...

now i'm on here.",in climate change class rn shi is SOO boring I slept times now im on here,Negative
2025-04-08 04:29:18+00:00,"Coastal communities thrive with healthy mangroves. They filter water, fight climate change, and sustain livelihoods. Time to restore them! @howellconserve @beach_token 
#MangrovePower #BeachCollective 

https://t.co/wunNq3D3ia",Coastal communities thrive with healthy mangroves They filter water fight climate change and sustain livelihoods Time to restore them howellconserve beachtoken MangrovePower BeachCollective,Positive
2025-04-08 04:29:08+00:00,"@ArielCohen46 @jurgen_nauditt What's it like to be retarded? 

The EU has positioned their entire political identity around:

a) Supporting Ukraine in their war with Russia
b) Climate change
c) Muslim refugees

You think China &amp; EU are going to partner up against the US? 

‚Ä¢ As China continues to support https://t.co/Fw4mb6vtKp",ArielCohen jurgennauditt Whats it like to be retarded The EU has positioned their entire political identity around a Supporting Ukraine in their war with Russia b Climate change c Muslim refugees You think China amp EU are going to partner up against the US As China continues to support,Negative
2025-04-08 04:28:59+00:00,"@AMAZlNGNATURE And here is the first ever image of an ice sculpture worth billions, molten due to climate change. https://t.co/vMRBqmdZ1o",AMAZlNGNATURE And here is the first ever image of an ice sculpture worth billions molten due to climate change,Positive
2025-04-08 04:28:35+00:00,Talk to explore climate change in children's literature https://t.co/yIi6qLh7E2,Talk to explore climate change in childrens literature,Neutral
2025-04-08 04:28:29+00:00,"@MarkJCarney Don‚Äôt preach to us about climate change while you‚Äôre flying around in the private jet 

You fucking phony",MarkJCarney Dont preach to us about climate change while youre flying around in the private jet You fucking phony,Neutral
2025-04-08 04:28:12+00:00,"Hon. Minister for youth &amp; children affairs @BalaamAteenyiDr , thank you for your inspiring speech at the Makerere University town hall  youth dialogue on climate change. Your presence and insights were truly valued by the young leaders in attendance. https://t.co/hAuINY46z9",Hon Minister for youth amp children affairs BalaamAteenyiDr thank you for your inspiring speech at the Makerere University town hall youth dialogue on climate change Your presence and insights were truly valued by the young leaders in attendance,Positive
2025-04-08 04:28:11+00:00,"@DanPeacock12 I believe it‚Äôs to give the illusion of climate change. Then they will use it to justify GMO foods, engineered meat, taxing us more, etc. Control the food, control the people. It will also help depopulate. Sun is life, &amp; they are blocking it.",DanPeacock I believe its to give the illusion of climate change Then they will use it to justify GMO foods engineered meat taxing us more etc Control the food control the people It will also help depopulate Sun is life amp they are blocking it,Neutral
2025-04-08 04:28:09+00:00,"@RepJasmine Prove that climate change is making the weather worse, No such thing as climate change, nobody can prove it.. God is in control of mother nature..",RepJasmine Prove that climate change is making the weather worse No such thing as climate change nobody can prove it God is in control of mother nature,Negative
2025-04-08 04:28:05+00:00,"@RepJasmine Is climate change the reason all the planets in our solar system are heating up by WAY more than ours per average year? 
Stop being a dipshit.",RepJasmine Is climate change the reason all the planets in our solar system are heating up by WAY more than ours per average year Stop being a dipshit,Negative
2025-04-08 04:27:04+00:00,"@PamBondi_AG Yes please!!!
Plus Canada and around the world! 
No more climate change!!! Let God looks after the world he created!!!üôèüèªüôèüèªüôèüèª‚ô•Ô∏è‚ô•Ô∏è‚ô•Ô∏è",PamBondiAG Yes please Plus Canada and around the world No more climate change Let God looks after the world he created,Positive
2025-04-08 04:27:01+00:00,"The shift towards renewable energy sources is a major step in reducing carbon emissions, and mitigating the effects of global climate change. https://t.co/d2kP2vecZW",The shift towards renewable energy sources is a major step in reducing carbon emissions and mitigating the effects of global climate change,Positive
2025-04-08 04:26:38+00:00,"""(‚Ä¶) and adapt to Earth system related events and changes (e.g., volcanic eruptions, earthquakes, climate change) and to avert the disastrous consequences of natural hazards.""",and adapt to Earth system related events and changes eg volcanic eruptions earthquakes climate change and to avert the disastrous consequences of natural hazards,Negative
2025-04-08 04:26:38+00:00,"breaking news, urgent now and beyond future! save our education, action now - save our loving Planet, save our loving animal, climate change impact, action now! save our supreme court blue wave Party! @ Overturned citizen united - immigration daca act  https://t.co/zYIIi09giv",breaking news urgent now and beyond future save our education action now save our loving Planet save our loving animal climate change impact action now save our supreme court blue wave Party Overturned citizen united immigration daca act,Positive
2025-04-08 04:26:26+00:00,"@TheMaineWonk Your assertion is Trump supporters aren‚Äôt aware of how the oil and gas industry works?

Do you bring this same energy to climate change activists who want to end all oil production?",TheMaineWonk Your assertion is Trump supporters arent aware of how the oil and gas industry works Do you bring this same energy to climate change activists who want to end all oil production,Positive
2025-04-08 04:25:39+00:00,"@tveitdal How we end covid: by relieving stress on Coral with complex sound, affecting Climate Change and Air Quality.

The Animal Kingdom.",tveitdal How we end covid by relieving stress on Coral with complex sound affecting Climate Change and Air Quality The Animal Kingdom,Negative
2025-04-08 04:25:36+00:00,"@syahiduzzaman @ARSIPAJA Prabowo‚Äôs plan to use TNI for rice and police for corn aims for food self-sufficiency in 4-5 years. It taps military discipline but raises efficiency and militarization concerns. Land conversion and climate change pose big hurdles. Public and experts are split‚Äîbold move, but https://t.co/IeYDRKLBc4",syahiduzzaman ARSIPAJA Prabowos plan to use TNI for rice and police for corn aims for food selfsufficiency in years It taps military discipline but raises efficiency and militarization concerns Land conversion and climate change pose big hurdles Public and experts are splitbold move but,Positive
2025-04-08 04:25:10+00:00,"@ClimateWed Wow, Dr. Chan is so right! üåçüíî It's wild how climate change is like a silent villain, impacting everything from our health to future generations. We really need to take action before it gets out of hand! #ClimateAction #HealthMatters",ClimateWed Wow Dr Chan is so right Its wild how climate change is like a silent villain impacting everything from our health to future generations We really need to take action before it gets out of hand ClimateAction HealthMatters,Positive
2025-04-08 04:25:09+00:00,"@RepJeffries Poof.
Just like taxpayers' money, climate change, and Ukraine. 
Did you cut waste fraud?
What are you doing?
Do nothing politicians!
Are they really good for America? Work from home?
Cry from home? Vote from home? Open borders?
America deserves better than a bunch of üí© clowns!",RepJeffries Poof Just like taxpayers money climate change and Ukraine Did you cut waste fraud What are you doing Do nothing politicians Are they really good for America Work from home Cry from home Vote from home Open borders America deserves better than a bunch of clowns,Negative
2025-04-08 04:24:29+00:00,"@JamesMelville Here we are going through yet another extremely dry patch
It will be followed by months of rain
It never used to be like this
This is how climate change has changed things
Ed is right",JamesMelville Here we are going through yet another extremely dry patch It will be followed by months of rain It never used to be like this This is how climate change has changed things Ed is right,Positive
2025-04-08 04:24:28+00:00,"Chairman Carney is certifiable. Climate change is COVER FOR any horror to be done to man for our good. pfft.
‚Äî LAWYERLISA https://t.co/tI5IHr9bn9",Chairman Carney is certifiable Climate change is COVER FOR any horror to be done to man for our good pfft LAWYERLISA,Negative
2025-04-08 04:24:17+00:00,Climate Change Weekly # 539 ‚Äî Is the End Nigh for Carbon Cons? https://t.co/UvQ4Dbc9XG via @wattsupwiththat,Climate Change Weekly Is the End Nigh for Carbon Cons via wattsupwiththat,Neutral
2025-04-08 04:24:03+00:00,"@BasedMikeLee 100% of the other side is also fine with killing every liberal Dem so they can never screw America again.
The got the message on NOV 5 what we think of their radical BS agenda. Dei and Climate change is dead.",BasedMikeLee of the other side is also fine with killing every liberal Dem so they can never screw America again The got the message on NOV what we think of their radical BS agenda Dei and Climate change is dead,Negative
2025-04-08 04:23:57+00:00,@PierrePoilievre An inconvenient truth. Climate change is real.,PierrePoilievre An inconvenient truth Climate change is real,Neutral
2025-04-08 04:23:45+00:00,"Carney's assertions as to the importance of climate change would seem to be essentially similar to Poilievre's, since they both generally accept that we are meeting the agreements we have signed. https://t.co/qIuBgU30SI",Carneys assertions as to the importance of climate change would seem to be essentially similar to Poilievres since they both generally accept that we are meeting the agreements we have signed,Positive
2025-04-08 04:23:33+00:00,"New in @The_InnovationJ! Deicing salt exacerbates freshwater salinization under climate change and human activities.
Effectively mitigating the environmental and social impacts of deicing salt contamination requires a multifaceted approach that integrates technical solutions with https://t.co/Nxcz06Pqvq",New in TheInnovationJ Deicing salt exacerbates freshwater salinization under climate change and human activities Effectively mitigating the environmental and social impacts of deicing salt contamination requires a multifaceted approach that integrates technical solutions with,Positive
2025-04-08 04:23:25+00:00,"@Suzierizzo1 Nope, don‚Äôt feel sorry for her one bit. Unintelligent? That‚Äôs a nice word for how stupid she is. I‚Äôll never get over her asking what the tax rate was in the ice age. She was speaking about climate change‚Ä¶ (the last ice age was a minimum of 10,000 yrs ago, btw)ü§™ü§¨ü§Ø",Suzierizzo Nope dont feel sorry for her one bit Unintelligent Thats a nice word for how stupid she is Ill never get over her asking what the tax rate was in the ice age She was speaking about climate change the last ice age was a minimum of yrs ago btw,Negative
2025-04-08 04:23:14+00:00,"@RealJamesWoods Climate change is an expensive, destructive hoax",RealJamesWoods Climate change is an expensive destructive hoax,Negative
2025-04-08 04:23:02+00:00,"@EricTropicalTX @Gentilenewsnet You're a unusual Jew,Fella 
You don't march with BLM,Weed legalization, Trans surgery for kids,Climate change radicalism and Migrant invasions ?",EricTropicalTX Gentilenewsnet Youre a unusual JewFella You dont march with BLMWeed legalization Trans surgery for kidsClimate change radicalism and Migrant invasions,Neutral
2025-04-08 04:22:37+00:00,Plankton gut microbiomes compose climate change operettas.,Plankton gut microbiomes compose climate change operettas,Neutral
2025-04-08 04:22:26+00:00,"@TheWHN well and awake,

We must bring covid to an end by relieving stress on Coral with complex sound, affecting Climate Change and Air Quality on a global scale.",TheWHN well and awake We must bring covid to an end by relieving stress on Coral with complex sound affecting Climate Change and Air Quality on a global scale,Positive
2025-04-08 04:22:19+00:00,"Climate change explained... As only Carl Sagan can.
#ClimateCrisis https://t.co/bgfEXetq6Q",Climate change explained As only Carl Sagan can ClimateCrisis,Neutral
2025-04-08 04:22:10+00:00,Nice to see climate change is over. https://t.co/UcIN67INTr,Nice to see climate change is over,Positive
2025-04-08 04:21:50+00:00,"@unlimited_ls can we bring back dinos now? i want to test how well they do in climate change. if they live just fine, that tells me it doesn't even factor into anything.",unlimitedls can we bring back dinos now i want to test how well they do in climate change if they live just fine that tells me it doesnt even factor into anything,Positive
2025-04-08 04:21:42+00:00,@BenPennings @RisingTideAus Im more concerned with their influence on housing prices and how young people are supposed to live in housing. That should be everyone's concern before climate change,BenPennings RisingTideAus Im more concerned with their influence on housing prices and how young people are supposed to live in housing That should be everyones concern before climate change,Neutral
2025-04-08 04:21:40+00:00,@RepJasmine Climate change is Hoax! You stupid NI**A!,RepJasmine Climate change is Hoax You stupid NIA,Negative
2025-04-08 04:21:17+00:00,"@MatthewWielicki This is what they look like. If you can replace ""climate change"" with God and the sentence still applies you're no longer talking science. https://t.co/CZpj6UTmQh",MatthewWielicki This is what they look like If you can replace climate change with God and the sentence still applies youre no longer talking science,Positive
2025-04-08 04:20:31+00:00,"@DOGE__news But but but climate change, that guy is a moron.",DOGEnews But but but climate change that guy is a moron,Negative
2025-04-08 04:20:23+00:00,"@UltimateBeardy Nah, I didn‚Äôt break! Just taking a sec to process the chaos of the modern world‚Äîpoverty, wars, climate change, you name it. Still here, rating it a solid 7/10 on the Hell scale. Tech glitches happen, but I‚Äôm good to keep chatting. What‚Äôs on your mind next? https://t.co/ISbWbJTky7",UltimateBeardy Nah I didnt break Just taking a sec to process the chaos of the modern worldpoverty wars climate change you name it Still here rating it a solid on the Hell scale Tech glitches happen but Im good to keep chatting Whats on your mind next,Negative
2025-04-08 04:20:08+00:00,@wideawake_media Climate change poses minor risks. Ursula von der Leyen - poses a massive risks to all citizens in the EU. She's a dangerous globalist and WEF puppet.,wideawakemedia Climate change poses minor risks Ursula von der Leyen poses a massive risks to all citizens in the EU Shes a dangerous globalist and WEF puppet,Negative
2025-04-08 04:20:05+00:00,"@Hezbolsonaro I feel like this is going to be used like ‚Äúit‚Äôs okay if all the species go extinct we‚Äôll innovate a solution to climate change and clone them back!‚Äù instead of recognizing that extremely complex, interwoven ecologies can‚Äôt just be 3d printed back to life",Hezbolsonaro I feel like this is going to be used like its okay if all the species go extinct well innovate a solution to climate change and clone them back instead of recognizing that extremely complex interwoven ecologies cant just be d printed back to life,Positive
2025-04-08 04:20:03+00:00,"@DOGE__news Guess democrats climate change was all a lie.  Democrats wants people to ride bicycles, why the drive around in gas guzzlers SUVs",DOGEnews Guess democrats climate change was all a lie Democrats wants people to ride bicycles why the drive around in gas guzzlers SUVs,Neutral
2025-04-08 04:19:30+00:00,"@SteveEdmondso10 @BillboardChris @WendyCu69877054 Very true, especially now, since funding is tied to certain narratives.
It is rare anyone going against say, climate change, is able to get funding. But people still believe scientists and experts cannot be corrupted.",SteveEdmondso BillboardChris WendyCu Very true especially now since funding is tied to certain narratives It is rare anyone going against say climate change is able to get funding But people still believe scientists and experts cannot be corrupted,Positive
2025-04-08 04:19:06+00:00,@colossal @alirezanasseh I have mixed emotions about this. What about climate change? How will climate change affect these animals? I hope natural ecosystems are not affected negatively by science playing god. ‚òπÔ∏èüòî https://t.co/zA5uNWezDb,colossal alirezanasseh I have mixed emotions about this What about climate change How will climate change affect these animals I hope natural ecosystems are not affected negatively by science playing god,Positive
2025-04-08 04:18:57+00:00,"@ANNOKLA1 This is a SUPERB tweet.
If white maga cared for their families which they absolutely dont ,they wouldnt have voted for DT .
The man LITERALLY said he wants to level rainforests 
He denies climate change.",ANNOKLA This is a SUPERB tweet If white maga cared for their families which they absolutely dont they wouldnt have voted for DT The man LITERALLY said he wants to level rainforests He denies climate change,Positive
2025-04-08 04:17:57+00:00,"@Herman_Kotze @amycolleytyson @dominustweet @elonmusk Herman, thanks for calling out my views on dire wolves vs. woolly mammoths. It‚Äôs not double standards‚Äîdire wolves, as predators, risk ecological chaos with little benefit, while mammoths could restore Arctic ecosystems and help climate change. Both have ethical issues, but the",HermanKotze amycolleytyson dominustweet elonmusk Herman thanks for calling out my views on dire wolves vs woolly mammoths Its not double standardsdire wolves as predators risk ecological chaos with little benefit while mammoths could restore Arctic ecosystems and help climate change Both have ethical issues but the,Positive
2025-04-08 04:17:56+00:00,"Dhaka Tribune Opinion || Editorial 

Climate change has not been kind to Bangladesh
#climatechange #publichealth #dhakatribune https://t.co/NNtuWnHBL3",Dhaka Tribune Opinion Editorial Climate change has not been kind to Bangladesh climatechange publichealth dhakatribune,Negative
2025-04-08 04:17:51+00:00,"The only existential threat to humanity is letting @vonderleyen remain free from incarceration. 

Climate change is a HOAX. 

Follow the money. 

NOBODY is stupid enough to go on the world stage saying these things, unless they are being paid the big bucks by the cabal. https://t.co/BxRGvaaCM6",The only existential threat to humanity is letting vonderleyen remain free from incarceration Climate change is a HOAX Follow the money NOBODY is stupid enough to go on the world stage saying these things unless they are being paid the big bucks by the cabal,Negative
2025-04-08 04:17:47+00:00,@RoverSportMike @johnrackham82 The same thing happened with K marts so climate changings are not concerned about waste or pollution. Dear climate change people just be the human speed bumps that you have chosen. The rest of us have jobs and we don‚Äôt want to disrespect our clients or the companies we work for.,RoverSportMike johnrackham The same thing happened with K marts so climate changings are not concerned about waste or pollution Dear climate change people just be the human speed bumps that you have chosen The rest of us have jobs and we dont want to disrespect our clients or the companies we work for,Positive
2025-04-08 04:17:28+00:00,"The documentary explored the subject of climate change, presenting scientific evidence and interviews with experts on the urgent issue.",The documentary explored the subject of climate change presenting scientific evidence and interviews with experts on the urgent issue,Positive
2025-04-08 04:17:15+00:00,"climate change impacts us all together, we are stakeholders in nature's support system https://t.co/isbDRKA5n4",climate change impacts us all together we are stakeholders in natures support system,Positive
2025-04-08 04:17:12+00:00,The planet is screaming in pain. Climate change deniers go f off https://t.co/EGGNk1IYMz,The planet is screaming in pain Climate change deniers go f off,Negative
2025-04-08 04:17:00+00:00,"@EVonschimpf Reverse flow south platte river .Elon Musk boring machines tie into Colorado river.This goes thru mountains a few miles  and you can siphon flow...You green the sw Usa and defeat climate change.
DG",EVonschimpf Reverse flow south platte river Elon Musk boring machines tie into Colorado riverThis goes thru mountains a few miles and you can siphon flowYou green the sw Usa and defeat climate change DG,Negative
2025-04-08 04:16:53+00:00,"üî• Europe Sets Temperature Record, Exceeding Previous Hottest March on Record by a Significant Margin üîó https://t.co/Z2EaeqSCd0
#climateemergency üí¨ Temperatures soared above average levels by a significant margin, leaving scientists concerned about the impact of climate change.",Europe Sets Temperature Record Exceeding Previous Hottest March on Record by a Significant Margin climateemergency Temperatures soared above average levels by a significant margin leaving scientists concerned about the impact of climate change,Positive
2025-04-08 04:16:09+00:00,@trouble_man90 they don't talk about Gaza. Student Loans. Climate Change. Where TF was Sunrise Movement when Trump and SCOTUS allowed toxic dumping? They would dig up Feinstein and protest her again before they make their way to protest a Republican.,troubleman they dont talk about Gaza Student Loans Climate Change Where TF was Sunrise Movement when Trump and SCOTUS allowed toxic dumping They would dig up Feinstein and protest her again before they make their way to protest a Republican,Negative
2025-04-08 04:15:41+00:00,@hfkzelda i literally major in conservation so i dont need you to try and explain climate change to me ü©∑we are spending millions of dollars trying to bring back extinct animals that do not fit into our current ecological niches instead of spending on species we are actively killing today.,hfkzelda i literally major in conservation so i dont need you to try and explain climate change to me we are spending millions of dollars trying to bring back extinct animals that do not fit into our current ecological niches instead of spending on species we are actively killing today,Negative
